Title,0
Sousou no Frieren,0
Fullmetal Alchemist: Brotherhood,1
Steins;Gate,2
Shingeki no Kyojin Season 3 Part 2,3
Gintama°,4
Gintama: The Final,5
One Piece Fan Letter,6
Hunter x Hunter (2011),7
Gintama',8
Gintama': Enchousen,9
Ginga Eiyuu Densetsu,10
Bleach: Sennen Kessen-hen,11
Gintama.,12
Kaguya-sama wa Kokurasetai: Ultra Romantic,13
Fruits Basket: The Final,14
Clannad: After Story,15
Gintama,16
Koe no Katachi,17
Kusuriya no Hitorigoto 2nd Season,18
Code Geass: Hangyaku no Lelouch R2,19
3-gatsu no Lion 2nd Season,20
Gintama Movie 2: Kanketsu-hen - Yorozuya yo Eien Nare,21
Takopii no Genzai,22
Monster,23
Gintama. Shirogane no Tamashii-hen - Kouhan-sen,24
Kusuriya no Hitorigoto,25
Shingeki no Kyojin: The Final Season - Kanketsu-hen,26
Owarimonogatari 2nd Season,27
Violet Evergarden Movie,28
Shingeki no Kyojin Movie: Kanketsu-hen - The Last Attack,29
Kingdom 3rd Season,30
Kimi no Na wa.,31
Vinland Saga Season 2,32
Gintama. Shirogane no Tamashii-hen,33
Kimetsu no Yaiba Movie: Mugen Jou-hen,34
Mob Psycho 100 II,35
Kizumonogatari III: Reiketsu-hen,36
Shingeki no Kyojin: The Final Season,37
Hajime no Ippo,38
Haikyuu!! Karasuno Koukou vs. Shiratorizawa Gakuen Koukou,39
Vinland Saga,40
Sen to Chihiro no Kamikakushi,41
Shingeki no Kyojin: The Final Season Part 2,42
Ashita no Joe 2,43
Monogatari Series: Second Season,44
Alien Stage,45
Bocchi the Rock!,46
Cowboy Bebop,47
Boku no Kokoro no Yabai Yatsu 2nd Season,48
Kaguya-sama wa Kokurasetai: First Kiss wa Owaranai,49
Kingdom 4th Season,50
Jujutsu Kaisen 2nd Season,51
One Piece,52
Kaoru Hana wa Rin to Saku,53
Idol,54
Kingdom 5th Season,55
Hibike! Euphonium 3,56
Mushishi Zoku Shou 2nd Season,57
The First Slam Dunk,58
Shiguang Dailiren,59
86 Part 2,60
Chi. Chikyuu no Undou ni Tsuite,61
Mob Psycho 100 III,62
Kimetsu no Yaiba: Yuukaku-hen,63
Bleach: Sennen Kessen-hen - Ketsubetsu-tan,64
Shouwa Genroku Rakugo Shinjuu: Sukeroku Futatabi-hen,65
Code Geass: Hangyaku no Lelouch,66
Violet Evergarden,67
Rurouni Kenshin: Meiji Kenkaku Romantan - Tsuioku-hen,68
Mushishi Zoku Shou,69
Great Teacher Onizuka,70
Mo Dao Zu Shi: Wanjie Pian,71
Grand Blue Season 2,72
Bleach: Sennen Kessen-hen - Soukoku-tan,73
Hajime no Ippo: New Challenger,74
Howl no Ugoku Shiro,75
Mononoke Hime,76
Ore dake Level Up na Ken Season 2: Arise from the Shadow,77
Monogatari Series: Off & Monster Season,78
Shiguang Dailiren II,79
Mushishi,80
Tian Guan Cifu Er,81
Fate/stay night Movie: Heaven's Feel - III. Spring Song,82
Tengen Toppa Gurren Lagann,83
Odd Taxi,84
Shigatsu wa Kimi no Uso,85
Shingeki no Kyojin Season 3,86
Look Back,87
Made in Abyss,88
Natsume Yuujinchou Shi,89
Mushoku Tensei: Isekai Ittara Honki Dasu Part 2,90
Uma Musume: Pretty Derby - Shin Jidai no Tobira,91
Bungou Stray Dogs 5th Season,92
Kaguya-sama wa Kokurasetai? Tensai-tachi no Renai Zunousen,93
Ping Pong the Animation,94
Death Note,95
Haikyuu!! Second Season,96
Haikyuu!! Movie: Gomisuteba no Kessen,97
Natsume Yuujinchou Roku,98
Cyberpunk: Edgerunners,99
Hajime no Ippo: Rising,100
Made in Abyss Movie 3: Fukaki Tamashii no Reimei,101
Made in Abyss: Retsujitsu no Ougonkyou,102
Dungeon Meshi,103
Tengen Toppa Gurren Lagann Movie 2: Lagann-hen,104
Kenpuu Denki Berserk,105
Guimi Zhi Zhu: Xiaochou Pian,106
Seishun Buta Yarou wa Yumemiru Shoujo no Yume wo Minai,107
Suzumiya Haruhi no Shoushitsu,108
Shin Evangelion Movie:||,109
JoJo no Kimyou na Bouken Part 5: Ougon no Kaze,110
Mushishi Zoku Shou: Suzu no Shizuku,111
Natsume Yuujinchou Shichi,112
Nana,113
[Oshi no Ko],114
Natsume Yuujinchou Go,115
Kizumonogatari II: Nekketsu-hen,116
Ookami Kodomo no Ame to Yuki,117
Natsume Yuujinchou San,118
Shingeki no Kyojin,119
Doupo Cangqiong: San Nian Zhi Yue,120
Haikyuu!! To the Top Part 2,121
"Shinseiki Evangelion Movie: Air/Magokoro wo, Kimi ni",122
Uma Musume: Cinderella Gray,123
[Oshi no Ko] 2nd Season,124
Shouwa Genroku Rakugo Shinjuu,125
Kimi no Suizou wo Tabetai,126
Yojouhan Shinwa Taikei,127
Perfect Blue,128
Slam Dunk,129
Kimetsu no Yaiba Movie: Mugen Ressha-hen,130
Steins;Gate 0,131
Fate/Zero 2nd Season,132
Jujutsu Kaisen,133
Dandadan 2nd Season,134
Shingeki no Kyojin Season 2,135
Zoku Natsume Yuujinchou,136
Hotaru no Haka,137
Fruits Basket 2nd Season,138
JoJo no Kimyou na Bouken Part 6: Stone Ocean Part 3,139
Mushishi: Hihamukage,140
Gintama Movie 1: Shinyaku Benizakura-hen,141
Bakuman. 3rd Season,142
Samurai Champloo,143
Kara no Kyoukai Movie 5: Mujun Rasen,144
Gintama. Porori-hen,145
Koukaku Kidoutai: Stand Alone Complex 2nd GIG,146
Shoujo☆Kageki Revue Starlight Movie,147
Yuru Camp△ Season 2,148
Sora yori mo Tooi Basho,149
JoJo no Kimyou na Bouken Part 4: Diamond wa Kudakenai,150
Nezha Zhi Mo Tong Nao Hai,151
Mahou Shoujo Madoka,152
Mob Psycho 100,153
Tian Guan Cifu Special,154
Ousama Ranking,155
Dandadan,156
Yakusoku no Neverland,157
Uchuu Kyoudai,158
One Punch Man,159
Fate/stay night Movie: Heaven's Feel - II. Lost Butterfly,160
Ansatsu Kyoushitsu 2nd Season,161
Aria the Origination,162
Summertime Render,163
Nichijou,164
Tian Guan Cifu Short Film,165
Kimi ni Todoke 3rd Season,166
Mo Dao Zu Shi: Xian Yun Pian,167
Mo Dao Zu Shi,168
Rainbow: Nisha Rokubou no Shichinin,169
Gintama: The Semi-Final,170
Yuu☆Yuu☆Hakusho,171
Given Movie 3: Umi e,172
Tu Bian Yingxiong X,173
Pluto,174
Owarimonogatari,175
Steins;Gate Movie: Fuka Ryouiki no Déjà vu,176
Banana Fish,177
Spy x Family,178
Chihayafuru 3,179
Re:Zero kara Hajimeru Isekai Seikatsu 3rd Season,180
JoJo no Kimyou na Bouken Part 3: Stardust Crusaders - Egypt-hen,181
Chainsaw Man,182
Grand Blue,183
Doupo Cangqiong: Nian Fan,184
Zoku Owarimonogatari,185
Hunter x Hunter,186
Kimetsu no Yaiba,187
Haikyuu!!,188
Golden Kamuy 3rd Season,189
Mushishi Zoku Shou: Odoro no Michi,190
Natsume Yuujinchou Movie: Utsusemi ni Musubu,191
Re:Zero kara Hajimeru Isekai Seikatsu 2nd Season Part 2,192
Kono Oto Tomare! Part 2,193
Gintama: Yorinuki Gintama-san on Theater 2D,194
Karakai Jouzu no Takagi-san Movie,195
Koukaku Kidoutai: Stand Alone Complex,196
Bungou Stray Dogs 4th Season,197
Violet Evergarden Gaiden: Eien to Jidou Shuki Ningyou,198
Wu Liuqi: Xuanwu Guo Pian,199
Mushoku Tensei II: Isekai Ittara Honki Dasu Part 2,200
Saiki Kusuo no Ψ-nan,201
Saiki Kusuo no Ψ-nan 2,202
Shingeki no Kyojin: Kuinaki Sentaku,203
Tian Guan Cifu,204
Mononoke,205
Saenai Heroine no Sodatekata Fine,206
Kono Subarashii Sekai ni Shukufuku wo! Movie: Kurenai Densetsu,207
Natsume Yuujinchou Roku Specials,208
Jujutsu Kaisen 0 Movie,209
Kamisama Hajimemashita: Kako-hen,210
Kaguya-sama wa Kokurasetai: Tensai-tachi no Renai Zunousen,211
Road of Naruto,212
Sayonara no Asa ni Yakusoku no Hana wo Kazarou,213
Ramayana: The Legend of Prince Rama,214
Houseki no Kuni,215
Major S5,216
Blue Giant,217
Tunshi Xingkong 3rd Season,218
Violet Evergarden: Recollections,219
Sono Bisque Doll wa Koi wo Suru Season 2,220
Made in Abyss Movie 2: Hourou Suru Tasogare,221
Kaze ga Tsuyoku Fuiteiru,222
Vivy: Fluorite Eye's Song,223
Josee to Tora to Sakana-tachi,224
Mahou Shoujo Madoka,225
Gintama°: Aizome Kaori-hen,226
Cowboy Bebop: Tengoku no Tobira,227
Yuru Camp△ Movie,228
Xian Ni,229
Medalist,230
Girls Band Cry,231
Kara no Kyoukai Movie 7: Satsujin Kousatsu (Go),232
Cross Game,233
3-gatsu no Lion,234
Mahou Shoujo Madoka,235
Fruits Basket: Prelude,236
Haikyuu!! To the Top,237
Karakai Jouzu no Takagi-san 3,238
Chihayafuru 2,239
Barakamon,240
Tunshi Xingkong 4th Season,241
K-On! Movie,242
Girls & Panzer: Saishuushou Part 4,243
Kizumonogatari I: Tekketsu-hen,244
Gintama: Shiroyasha Koutan,245
Initial D First Stage,246
Shinseiki Evangelion,247
Meitantei Conan Movie 26: Kurogane no Submarine,248
Yahari Ore no Seishun Love Comedy wa Machigatteiru. Kan,249
Non Non Biyori Nonstop,250
Kono Subarashii Sekai ni Shukufuku wo! 3,251
Kaze no Tani no Nausicaä,252
Baccano!,253
Versailles no Bara,254
Mushoku Tensei: Isekai Ittara Honki Dasu,255
"Violet Evergarden: Kitto ""Ai"" wo Shiru Hi ga Kuru no Darou",256
Kimetsu no Yaiba: Mugen Ressha-hen,257
Tensei shitara Slime Datta Ken 2nd Season,258
Douluo Dalu 2nd Season,259
Chiikawa,260
Ashita no Joe,261
Hibike! Euphonium 2,262
Fumetsu no Anata e,263
IDOLiSH7 Third Beat! Part 2,264
Hellsing Ultimate,265
Bocchi the Rock! Movie,266
Re:Zero kara Hajimeru Isekai Seikatsu 2nd Season,267
86,268
Psycho-Pass,269
Wu Shan Wu Xing: Xichuan Huan Zi Lin,270
Bakuman. 2nd Season,271
Natsume Yuujinchou: Itsuka Yuki no Hi ni,272
Kidou Senshi Gundam: The Origin,273
Fate/stay night: Unlimited Blade Works 2nd Season,274
One Outs,275
Bakemonogatari,276
Kiseijuu: Sei no Kakuritsu,277
Tunshi Xingkong 2nd Season,278
Usagi Drop,279
Yoru ni Kakeru,280
Ginga Eiyuu Densetsu: Die Neue These - Gekitotsu,281
Shiguang Dailiren: Yingdu Pian,282
Dr. Stone: New World Part 2,283
Seishun Buta Yarou wa Randoseru Girl no Yume wo Minai,284
Ginga Eiyuu Densetsu: Die Neue These - Sakubou,285
Sasaki to Miyano Movie: Sotsugyou-hen,286
Natsume Yuujinchou Go Specials,287
Uchuu Senkan Yamato 2199,288
Kawaki wo Ameku,289
Major S6,290
Romeo no Aoi Sora,291
Gotcha!,292
Shelter (Music),293
Hunter x Hunter: Original Video Animation,294
NHK ni Youkoso!,295
Kingdom 2nd Season,296
Ookami to Koushinryou II,297
Luo Xiao Hei Zhan Ji (Movie),298
Natsume Yuujinchou,299
Diamond no Ace: Second Season,300
Evangelion Movie 2: Ha,301
Boku dake ga Inai Machi,302
Doraemon Movie 31: Shin Nobita to Tetsujin Heidan - Habatake Tenshi-tachi,303
Tensei shitara Slime Datta Ken 2nd Season Part 2,304
Steins;Gate: Oukoubakko no Poriomania,305
Redline,306
Kemono no Souja Erin,307
Kuroko no Basket 3rd Season,308
Katanagatari,309
Initial D Final Stage,310
Sakamichi no Apollon,311
Given,312
Meitantei Conan Movie 06: Baker Street no Bourei,313
Beck,314
Ano Hi Mita Hana no Namae wo Bokutachi wa Mada Shiranai.,315
Yuukoku no Moriarty Part 2,316
Kage no Jitsuryokusha ni Naritakute! 2nd Season,317
Major: World Series,318
Ginga Eiyuu Densetsu: Die Neue These - Seiran 3,319
Tokyo Godfathers,320
Kino no Tabi: The Beautiful World,321
Tanoshii Muumin Ikka,322
Rurouni Kenshin: Meiji Kenkaku Romantan,323
Naruto: Shippuuden,324
"Shangri-La Frontier: Kusoge Hunter, Kamige ni Idoman to su 2nd Season",325
Yofukashi no Uta Season 2,326
Seishun Buta Yarou wa Santa Claus no Yume wo Minai,327
Kaijuu 8-gou,328
Diamond no Ace: Act II,329
Gin no Saji 2nd Season,330
Yuru Camp△,331
Doukyuusei,332
Shirobako,333
Fate/Zero,334
Gintama: Shinyaku Benizakura-hen,335
Koukaku Kidoutai,336
Hotarubi no Mori e,337
Tenki no Ko,338
Steins;Gate: Kyoukaimenjou no Missing Link - Divide By Zero,339
Space☆Dandy 2nd Season,340
Dororo,341
Doupo Cangqiong 4th Season,342
Gyakkyou Burai Kaiji: Ultimate Survivor,343
Tsubasa: Tokyo Revelations,344
Tenkuu no Shiro Laputa,345
Dr. Stone,346
Suzume no Tojimari,347
Fanren Xiu Xian Chuan: Xinghai Feichi,348
Dungeon ni Deai wo Motomeru no wa Machigatteiru Darou ka IV: Shin Shou - Yakusai-hen,349
Haikyuu!! Movie 4: Concept no Tatakai,350
Trigun,351
Dr. Stone: Science Future Part 2,352
Tengoku Daimakyou,353
Mushoku Tensei II: Isekai Ittara Honki Dasu,354
Berserk: Ougon Jidai-hen III - Kourin,355
Saiki Kusuo no Ψ-nan: Kanketsu-hen,356
Ookami to Koushinryou,357
ReLIFE: Kanketsu-hen,358
Fruits Basket 1st Season,359
Major S3,360
Spy x Family Part 2,361
Kaguya-hime no Monogatari,362
Cardcaptor Sakura Movie 2: Fuuin Sareta Card,363
Wu Liuqi: Jiyi Suipian,364
Yubisaki to Renren,365
Haikyuu!! Movie 3: Sainou to Sense,366
Quanzhi Gaoshou Specials,367
Bungou Stray Dogs 3rd Season,368
Meitantei Conan Movie 13: Shikkoku no Chaser,369
Yahari Ore no Seishun Love Comedy wa Machigatteiru. Zoku,370
InuYasha: Kanketsu-hen,371
Kuroko no Basket 2nd Season,372
xxxHOLiC◆Kei,373
Major S1,374
Great Pretender,375
Dragon Ball Z,376
SKET Dance,377
Magi: The Kingdom of Magic,378
Dragon Ball Super: Broly,379
Ao no Hako,380
Girls & Panzer Movie,381
Asobi Asobase,382
Mo Dao Zu Shi Q,383
Stand By Me Doraemon 2,384
Maison Ikkoku,385
Senki Zesshou Symphogear XV,386
Initial D Second Stage,387
Horimiya,388
Vanitas no Karte Part 2,389
Sasaki to Miyano,390
Fate/strange Fake: Whispers of Dawn,391
Chihayafuru,392
K-On!!,393
Fate/stay night: Unlimited Blade Works,394
Made in Abyss Movie 1: Tabidachi no Yoake,395
Meitantei Conan Movie 20: Junkoku no Nightmare,396
Nomad: Megalo Box 2,397
Major S4,398
xxxHOLiC Rou,399
One Piece: Episode of Merry - Mou Hitori no Nakama no Monogatari,400
Hachimitsu to Clover II,401
Yi Nian Yong Heng: Chuan Cheng Pian,402
Yojouhan Time Machine Blues,403
Hunter x Hunter: Greed Island,404
Non Non Biyori Repeat,405
One Piece Movie 14: Stampede,406
Kimetsu no Yaiba: Katanakaji no Sato-hen,407
Meitantei Conan,408
Ballroom e Youkoso,409
Cardcaptor Sakura,410
Kono Subarashii Sekai ni Shukufuku wo! 3: Bonus Stage,411
Kuroshitsuji: Midori no Majo-hen,412
Cang Yuan Tu,413
Yoru wa Mijikashi Arukeyo Otome,414
Ginga Eiyuu Densetsu: Die Neue These - Seiran 2,415
Bungou Stray Dogs 2nd Season,416
No Game No Life: Zero,417
Girls & Panzer: Saishuushou Part 3,418
"Kamisama Hajimemashita: Kamisama, Shiawase ni Naru",419
Tengen Toppa Gurren Lagann Movie 1: Gurren-hen,420
Little Busters! Refrain,421
Bakuman.,422
Digimon Adventure: Last Evolution Kizuna,423
Black Lagoon: The Second Barrage,424
Yuukoku no Moriarty,425
Blue Lock,426
Major S2,427
Natsume Yuujinchou: Ishi Okoshi to Ayashiki Raihousha,428
Initial D Fourth Stage,429
Yi Nian Yong Heng 3rd Season,430
Hikaru ga Shinda Natsu,431
Aria the Natural,432
Ouran Koukou Host Club,433
Higurashi no Naku Koro ni Kai,434
Ao Ashi,435
Kotarou wa Hitorigurashi,436
Akira,437
Mononoke Movie: Dai-2 Shou - Hinezumi,438
Holo no Graffiti,439
Lupin III: Cagliostro no Shiro,440
Fate/stay night Movie: Heaven's Feel - I. Presage Flower,441
Dr. Stone: New World,442
Non Non Biyori Nonstop: Bukatsu wo Ganbatta,443
Dr. Stone: Stone Wars,444
Lycoris Recoil,445
Fanren Xiu Xian Chuan: Waihai Fengyun,446
Horimiya: Piece,447
Toaru Kagaku no Railgun T,448
Kyoukai no Kanata Movie 2: I'll Be Here - Mirai-hen,449
Ginga Eiyuu Densetsu Gaiden,450
Kaiba,451
Noragami Aragoto,452
Princess Tutu,453
Black Clover,454
Sono Bisque Doll wa Koi wo Suru,455
